Dataset,Num_Classes,Train_Size,Validation_Size,Test_Size,Baseline_Accuracy,FineTuned_Accuracy,Macro_F1,Weighted_F1,Baseline_Epochs,FineTuning_Epochs,Baseline_Time_Min,FineTuning_Time_Min,Total_Time_Min
Black Gram Leaf,5,2826,606,606,0.9702970385551453,0.971947193145752,0.9706082066955026,0.9718252068820119,12,12,20.668420700232186,26.057649966080984,47.873216517766316
Coconut,5,4058,870,870,0.9977011680603027,0.9977011680603027,0.998578187250996,0.9977011494252873,11,8,24.494680710633595,23.08131058613459,48.905241044362384
Watermelon,4,4851,1039,1040,0.9923076629638672,0.9990384578704834,0.9989914735311416,0.9990391138123578,13,9,37.61811892986297,33.521822321414945,72.81645016670227
apple,5,1148,246,247,0.9716598987579346,0.9676113128662109,0.9694184990630216,0.9676280310748141,13,5,8.241042566299438,4.284077703952789,13.03696653842926
coffee,5,40984,8782,8783,0.999886155128479,0.999886155128479,0.9998591714259939,0.9998861259477877,5,5,124.93526579141617,145.650719110171,282.7124488512675
grapes,4,1908,409,409,0.955990195274353,0.9682151675224304,0.9380791015297412,0.9676831905234965,16,10,17.05019117196401,14.1402929743131,31.92724816799164
jute,3,644,138,138,0.8405796885490417,0.8115941882133484,0.8150519978106185,0.8055936317555508,12,5,6.06575433810552,3.1504479169845583,9.643558470408122
maize,4,2931,628,629,0.9332273602485657,0.9411764740943909,0.9232138414637502,0.9409555092118655,11,5,18.30196706056595,10.871153994401295,30.200058364868163
orange,4,842,149,99,0.939393937587738,0.9494949579238892,0.9457485776634713,0.9500671117692394,9,7,4.378681806723277,4.466725917657216,9.151571122805278
pigonpea,4,681,146,146,0.8150684833526611,0.8150684833526611,0.8367248062015503,0.8085297865562281,11,7,4.438904023170471,3.6619663794835406,8.484309720993043
plant wild,89,13045,1768,3567,0.5497617125511169,0.5791981816291809,0.5319833811676936,0.5720897558878326,15,17,118.55641857783,167.02805449962617,291.5192749460538
rice,4,1600,492,3355,0.5982116460800171,0.6390461921691895,0.6281323846900839,0.6461683349127936,14,8,16.026733485857644,11.41012487411499,32.997787257035576
