Dataset,Model,Class,Precision,Recall,F1_Score,Support
plant wild,ResNet50 Fine-Tuned,apple black rot,0.34615384615384615,0.2647058823529412,0.3,34.0
plant wild,ResNet50 Fine-Tuned,apple leaf,0.45614035087719296,0.5977011494252874,0.5174129353233831,87.0
plant wild,ResNet50 Fine-Tuned,apple mosaic virus,0.19672131147540983,0.34285714285714286,0.25,35.0
plant wild,ResNet50 Fine-Tuned,apple rust,0.6981132075471698,0.6491228070175439,0.6727272727272727,57.0
plant wild,ResNet50 Fine-Tuned,apple scab,0.43209876543209874,0.6140350877192983,0.5072463768115942,57.0
plant wild,ResNet50 Fine-Tuned,banana leaf,0.6721311475409836,0.8541666666666666,0.7522935779816514,48.0
plant wild,ResNet50 Fine-Tuned,banana panama disease,0.8536585365853658,0.8333333333333334,0.8433734939759037,42.0
plant wild,ResNet50 Fine-Tuned,basil downy mildew,0.5625,0.5294117647058824,0.5454545454545454,17.0
plant wild,ResNet50 Fine-Tuned,basil leaf,0.8015873015873016,0.8782608695652174,0.8381742738589212,115.0
plant wild,ResNet50 Fine-Tuned,bean halo blight,0.4,0.42105263157894735,0.41025641025641024,19.0
plant wild,ResNet50 Fine-Tuned,bean leaf,0.35,0.2978723404255319,0.3218390804597701,47.0
plant wild,ResNet50 Fine-Tuned,bean mosaic virus,0.5,0.32,0.3902439024390244,25.0
plant wild,ResNet50 Fine-Tuned,bean rust,0.5,0.40625,0.4482758620689655,32.0
plant wild,ResNet50 Fine-Tuned,bell pepper leaf,0.75,0.6382978723404256,0.6896551724137931,47.0
plant wild,ResNet50 Fine-Tuned,bell pepper leaf spot,0.3333333333333333,0.2608695652173913,0.2926829268292683,23.0
plant wild,ResNet50 Fine-Tuned,blueberry leaf,0.7272727272727273,0.7142857142857143,0.7207207207207207,56.0
plant wild,ResNet50 Fine-Tuned,blueberry rust,0.5,0.2727272727272727,0.35294117647058826,22.0
plant wild,ResNet50 Fine-Tuned,broccoli downy mildew,0.2857142857142857,0.3076923076923077,0.2962962962962963,13.0
plant wild,ResNet50 Fine-Tuned,broccoli leaf,0.6056338028169014,0.8113207547169812,0.6935483870967742,53.0
plant wild,ResNet50 Fine-Tuned,cabbage alternaria leaf spot,0.5,0.5217391304347826,0.5106382978723404,23.0
plant wild,ResNet50 Fine-Tuned,cabbage leaf,0.8607594936708861,0.7555555555555555,0.8047337278106509,90.0
plant wild,ResNet50 Fine-Tuned,carrot cavity spot,0.9333333333333333,1.0,0.9655172413793104,14.0
plant wild,ResNet50 Fine-Tuned,cauliflower alternaria leaf spot,0.5,0.2,0.2857142857142857,15.0
plant wild,ResNet50 Fine-Tuned,cauliflower leaf,0.6829268292682927,0.717948717948718,0.7,39.0
plant wild,ResNet50 Fine-Tuned,celery anthracnose,0.5,0.125,0.2,8.0
plant wild,ResNet50 Fine-Tuned,celery early blight,0.6,0.5454545454545454,0.5714285714285714,11.0
plant wild,ResNet50 Fine-Tuned,celery leaf,0.8787878787878788,0.6904761904761905,0.7733333333333333,42.0
plant wild,ResNet50 Fine-Tuned,cherry leaf,0.4880952380952381,0.7321428571428571,0.5857142857142857,56.0
plant wild,ResNet50 Fine-Tuned,cherry leaf spot,0.375,0.4666666666666667,0.4158415841584158,45.0
plant wild,ResNet50 Fine-Tuned,cherry powdery mildew,0.42857142857142855,0.16666666666666666,0.24,18.0
plant wild,ResNet50 Fine-Tuned,citrus canker,0.8080808080808081,0.7619047619047619,0.7843137254901961,105.0
plant wild,ResNet50 Fine-Tuned,citrus greening disease,0.6170212765957447,0.6170212765957447,0.6170212765957447,47.0
plant wild,ResNet50 Fine-Tuned,coffee leaf,0.8,0.5925925925925926,0.6808510638297872,27.0
plant wild,ResNet50 Fine-Tuned,coffee leaf rust,0.8108108108108109,0.8108108108108109,0.8108108108108109,37.0
plant wild,ResNet50 Fine-Tuned,corn gray leaf spot,0.42857142857142855,0.375,0.4,40.0
plant wild,ResNet50 Fine-Tuned,corn leaf,0.40425531914893614,0.6129032258064516,0.48717948717948717,31.0
plant wild,ResNet50 Fine-Tuned,corn northern leaf blight,0.5,0.5853658536585366,0.5393258426966292,41.0
plant wild,ResNet50 Fine-Tuned,corn rust,0.5166666666666667,0.6595744680851063,0.5794392523364486,47.0
plant wild,ResNet50 Fine-Tuned,corn smut,0.8,0.9655172413793104,0.875,58.0
plant wild,ResNet50 Fine-Tuned,cucumber angular leaf spot,0.8095238095238095,0.68,0.7391304347826086,50.0
plant wild,ResNet50 Fine-Tuned,cucumber bacterial wilt,0.4186046511627907,0.6428571428571429,0.5070422535211268,28.0
plant wild,ResNet50 Fine-Tuned,cucumber leaf,0.5054945054945055,0.6764705882352942,0.5786163522012578,68.0
plant wild,ResNet50 Fine-Tuned,cucumber powdery mildew,0.7272727272727273,0.5581395348837209,0.631578947368421,43.0
plant wild,ResNet50 Fine-Tuned,eggplant cercospora leaf spot,0.7777777777777778,0.4666666666666667,0.5833333333333334,15.0
plant wild,ResNet50 Fine-Tuned,eggplant leaf,0.5079365079365079,0.6666666666666666,0.5765765765765766,48.0
plant wild,ResNet50 Fine-Tuned,garlic leaf,0.7380952380952381,0.6888888888888889,0.7126436781609196,45.0
plant wild,ResNet50 Fine-Tuned,garlic leaf blight,0.5714285714285714,0.2962962962962963,0.3902439024390244,27.0
plant wild,ResNet50 Fine-Tuned,garlic rust,0.6923076923076923,0.5806451612903226,0.631578947368421,31.0
plant wild,ResNet50 Fine-Tuned,ginger leaf,0.5238095238095238,0.6470588235294118,0.5789473684210527,34.0
plant wild,ResNet50 Fine-Tuned,ginger leaf spot,0.42857142857142855,0.2,0.2727272727272727,15.0
plant wild,ResNet50 Fine-Tuned,ginger sheath blight,0.2222222222222222,0.14285714285714285,0.17391304347826086,14.0
plant wild,ResNet50 Fine-Tuned,grape black rot,0.7352941176470589,0.5813953488372093,0.6493506493506493,43.0
plant wild,ResNet50 Fine-Tuned,grape downy mildew,0.5217391304347826,0.6153846153846154,0.5647058823529412,78.0
plant wild,ResNet50 Fine-Tuned,grape leaf,0.4489795918367347,0.55,0.4943820224719101,40.0
plant wild,ResNet50 Fine-Tuned,grape leaf spot,0.23076923076923078,0.16666666666666666,0.1935483870967742,18.0
plant wild,ResNet50 Fine-Tuned,grapevine leafroll disease,0.7142857142857143,0.37037037037037035,0.4878048780487805,27.0
plant wild,ResNet50 Fine-Tuned,lettuce downy mildew,0.48,0.6,0.5333333333333333,20.0
plant wild,ResNet50 Fine-Tuned,lettuce leaf,0.7755102040816326,0.7916666666666666,0.7835051546391752,48.0
plant wild,ResNet50 Fine-Tuned,lettuce mosaic virus,0.625,0.2631578947368421,0.37037037037037035,19.0
plant wild,ResNet50 Fine-Tuned,maple leaf,0.8571428571428571,0.7619047619047619,0.8067226890756303,63.0
plant wild,ResNet50 Fine-Tuned,maple tar spot,0.5833333333333334,0.7777777777777778,0.6666666666666666,27.0
plant wild,ResNet50 Fine-Tuned,peach leaf,0.36,0.2903225806451613,0.32142857142857145,31.0
plant wild,ResNet50 Fine-Tuned,peach leaf curl,0.85,0.723404255319149,0.7816091954022989,47.0
plant wild,ResNet50 Fine-Tuned,plum leaf,0.48717948717948717,0.30158730158730157,0.37254901960784315,63.0
plant wild,ResNet50 Fine-Tuned,plum pocket disease,0.75,0.2,0.3157894736842105,15.0
plant wild,ResNet50 Fine-Tuned,potato early blight,0.5,0.40476190476190477,0.4473684210526316,42.0
plant wild,ResNet50 Fine-Tuned,potato late blight,0.48484848484848486,0.6956521739130435,0.5714285714285714,46.0
plant wild,ResNet50 Fine-Tuned,potato leaf,0.328125,0.4375,0.375,48.0
plant wild,ResNet50 Fine-Tuned,raspberry leaf,0.7027027027027027,0.7428571428571429,0.7222222222222222,35.0
plant wild,ResNet50 Fine-Tuned,rice blast,0.5405405405405406,0.6896551724137931,0.6060606060606061,29.0
plant wild,ResNet50 Fine-Tuned,rice leaf,0.6888888888888889,0.62,0.6526315789473685,50.0
plant wild,ResNet50 Fine-Tuned,rice sheath blight,0.7647058823529411,0.8125,0.7878787878787878,48.0
plant wild,ResNet50 Fine-Tuned,soybean leaf,0.375,0.5106382978723404,0.43243243243243246,47.0
plant wild,ResNet50 Fine-Tuned,squash leaf,0.5652173913043478,0.6341463414634146,0.5977011494252874,82.0
plant wild,ResNet50 Fine-Tuned,squash powdery mildew,0.6222222222222222,0.5283018867924528,0.5714285714285714,53.0
plant wild,ResNet50 Fine-Tuned,strawberry anthracnose,0.9333333333333333,0.7368421052631579,0.8235294117647058,19.0
plant wild,ResNet50 Fine-Tuned,strawberry leaf,0.6170212765957447,0.7435897435897436,0.6744186046511628,39.0
plant wild,ResNet50 Fine-Tuned,strawberry leaf scorch,0.6,0.6,0.6,15.0
plant wild,ResNet50 Fine-Tuned,tobacco leaf,0.29411764705882354,0.35714285714285715,0.3225806451612903,14.0
plant wild,ResNet50 Fine-Tuned,tobacco mosaic virus,0.6363636363636364,0.4117647058823529,0.5,17.0
plant wild,ResNet50 Fine-Tuned,tomato bacterial leaf spot,0.2777777777777778,0.18518518518518517,0.2222222222222222,54.0
plant wild,ResNet50 Fine-Tuned,tomato early blight,0.44155844155844154,0.5396825396825397,0.4857142857142857,63.0
plant wild,ResNet50 Fine-Tuned,tomato late blight,0.4375,0.3888888888888889,0.4117647058823529,54.0
plant wild,ResNet50 Fine-Tuned,tomato leaf,0.55,0.5238095238095238,0.5365853658536586,42.0
plant wild,ResNet50 Fine-Tuned,tomato leaf mold,0.6190476190476191,0.5652173913043478,0.5909090909090909,46.0
plant wild,ResNet50 Fine-Tuned,tomato mosaic virus,0.3684210526315789,0.19444444444444445,0.2545454545454545,36.0
plant wild,ResNet50 Fine-Tuned,tomato septoria leaf spot,0.23076923076923078,0.075,0.11320754716981132,40.0
plant wild,ResNet50 Fine-Tuned,tomato yellow leaf curl virus,0.45454545454545453,0.15625,0.23255813953488372,32.0
plant wild,ResNet50 Fine-Tuned,zucchini yellow mosaic virus,0.52,0.3611111111111111,0.4262295081967213,36.0
plant wild,ResNet50 Fine-Tuned,Overall Accuracy,,,0.5791982057751612,0.5791982057751612
